{"cameraMode":{"drawMode":0,"name":"Shaded","section":"Shading Mode"},"sceneLighting":true,"audioPlay":false,"sceneViewState":{"m_AlwaysRefresh":false,"showFog":true,"showSkybox":true,"showFlares":true,"showImageEffects":true,"showParticleSystems":true,"showVisualEffectGraphs":true,"m_FxEnabled":true},"in2DMode":false,"pivot":{"x":56.16682052612305,"y":-54.62876892089844,"z":43.904380798339847},"rotation":{"x":-0.542916476726532,"y":-0.0058107441291213039,"z":0.003741044085472822,"w":-0.8398023843765259},"size":59.68607711791992,"orthographic":false}